TDSFU Daily run: Sat Oct 18 22:41:47 UTC 2025 TDSFU
TDSFU Daily run: Sat Oct 18 22:42:16 UTC 2025 TDSFU
TDSFU Daily run: Sun Oct 19 04:35:02 UTC 2025 TDSFU
TDSFU Daily run: Mon Oct 20 04:37:03 UTC 2025 TDSFU
TDSFU Daily run: Tue Oct 21 04:34:28 UTC 2025 TDSFU
TDSFU Daily run: Wed Oct 22 04:35:37 UTC 2025 TDSFU
TDSFU Daily run: Thu Oct 23 04:34:06 UTC 2025 TDSFU
TDSFU Daily run: Fri Oct 24 04:34:17 UTC 2025 TDSFU
TDSFU Daily run: Sat Oct 25 04:32:37 UTC 2025 TDSFU
TDSFU Daily run: Sun Oct 26 04:32:54 UTC 2025 TDSFU
TDSFU Daily run: Mon Oct 27 04:42:01 UTC 2025 TDSFU
TDSFU Daily run: Tue Oct 28 04:35:11 UTC 2025 TDSFU
TDSFU Daily run: Wed Oct 29 04:40:12 UTC 2025 TDSFU
TDSFU Daily run: Thu Oct 30 04:34:44 UTC 2025 TDSFU
TDSFU Daily run: Fri Oct 31 04:36:28 UTC 2025 TDSFU
TDSFU Daily run: Sat Nov  1 04:32:13 UTC 2025 TDSFU
TDSFU Daily run: Sun Nov  2 04:34:45 UTC 2025 TDSFU
TDSFU Daily run: Mon Nov  3 04:40:51 UTC 2025 TDSFU
TDSFU Daily run: Tue Nov  4 04:35:03 UTC 2025 TDSFU
TDSFU Daily run: Wed Nov  5 04:35:27 UTC 2025 TDSFU
TDSFU Daily run: Thu Nov  6 04:40:46 UTC 2025 TDSFU
TDSFU Daily run: Fri Nov  7 04:34:57 UTC 2025 TDSFU
TDSFU Daily run: Sat Nov  8 04:33:45 UTC 2025 TDSFU
TDSFU Daily run: Sun Nov  9 04:34:10 UTC 2025 TDSFU
TDSFU Daily run: Mon Nov 10 04:39:25 UTC 2025 TDSFU
TDSFU Daily run: Tue Nov 11 04:37:04 UTC 2025 TDSFU
TDSFU Daily run: Wed Nov 12 04:36:32 UTC 2025 TDSFU
TDSFU Daily run: Thu Nov 13 04:39:00 UTC 2025 TDSFU
TDSFU Daily run: Fri Nov 14 04:35:40 UTC 2025 TDSFU
TDSFU Daily run: Sat Nov 15 04:33:55 UTC 2025 TDSFU
TDSFU Daily run: Sun Nov 16 04:38:20 UTC 2025 TDSFU
TDSFU Daily run: Mon Nov 17 04:40:00 UTC 2025 TDSFU
TDSFU Daily run: Tue Nov 18 04:35:56 UTC 2025 TDSFU
TDSFU Daily run: Wed Nov 19 04:36:09 UTC 2025 TDSFU
TDSFU Daily run: Thu Nov 20 04:34:55 UTC 2025 TDSFU
TDSFU Daily run: Fri Nov 21 04:35:49 UTC 2025 TDSFU
TDSFU Daily run: Sat Nov 22 04:34:15 UTC 2025 TDSFU
TDSFU Daily run: Sun Nov 23 04:45:10 UTC 2025 TDSFU
TDSFU Daily run: Mon Nov 24 04:46:04 UTC 2025 TDSFU
TDSFU Daily run: Tue Nov 25 04:40:04 UTC 2025 TDSFU
TDSFU Daily run: Wed Nov 26 04:40:35 UTC 2025 TDSFU
TDSFU Daily run: Thu Nov 27 04:37:32 UTC 2025 TDSFU
TDSFU Daily run: Fri Nov 28 04:36:56 UTC 2025 TDSFU
TDSFU Daily run: Sat Nov 29 04:36:06 UTC 2025 TDSFU
TDSFU Daily run: Sun Nov 30 04:46:27 UTC 2025 TDSFU
TDSFU Daily run: Mon Dec  1 04:57:51 UTC 2025 TDSFU
TDSFU Daily run: Tue Dec  2 04:43:17 UTC 2025 TDSFU
TDSFU Daily run: Wed Dec  3 04:42:10 UTC 2025 TDSFU
TDSFU Daily run: Thu Dec  4 04:43:21 UTC 2025 TDSFU
